cns,water
7.1999998,50
8.1000004,25
11.2,15
9.3000002,75
9.3999996,100
5,150
5.8000002,180
3.3,250
3.5999999,275
4.8000002,220
6.3000002,160
12.5,50
15,45
6.5,60
8,100
10,155
5.3000002,200
4.9000001,240
7.1999998,40
11.9,65
